####################################
# SETUP
####################################
CREATE DATABASE statements_digest;
USE statements_digest;
CREATE TABLE t1(a int);
CREATE TABLE t2(a int);
CREATE TABLE t3(a int, b int);
CREATE TABLE t4(a int, b int);
CREATE TABLE t5(a int, b int, c int);
CREATE TABLE t6(a int, b int, c int, d int);
CREATE TABLE t11 (c CHAR(4));
CREATE TABLE t12 (c CHAR(4));
SELECT * FROM performance_schema.setup_consumers;
NAME	ENABLED
events_stages_current	YES
events_stages_history	YES
events_stages_history_long	YES
events_statements_current	NO
events_statements_history	YES
events_statements_history_long	YES
events_waits_current	YES
events_waits_history	YES
events_waits_history_long	YES
global_instrumentation	YES
thread_instrumentation	YES
statements_digest	YES
TRUNCATE TABLE performance_schema.events_statements_summary_by_digest;
####################################
# EXECUTION
####################################
SELECT 1 FROM t1;
1
SELECT 1 FROM `t1`;
1
SELECT 1,2 FROM t1;
1	2
SELECT 1, 2, 3, 4 FROM t1;
1	2	3	4
SELECT 1 FROM t2;
1
SELECT 1,2 FROM t2;
1	2
SELECT 1, 2, 3, 4 FROM t2;
1	2	3	4
INSERT INTO t1 VALUES (1);
INSERT INTO t2 VALUES (1);
INSERT INTO t3 VALUES (1, 2);
INSERT INTO t4 VALUES (1, 2);
INSERT INTO t5 VALUES (1, 2, 3);
INSERT INTO t1 VALUES (1), (2), (3);
INSERT INTO t1 VALUES (1), (2), (3), (4);
INSERT INTO t3 VALUES (1, 2), (3, 4), (5, 6);
INSERT INTO t5 VALUES (1, 2, 3), (4, 5, 6), (7, 8, 9);
INSERT INTO t1 VALUES (NULL);
INSERT INTO t3 VALUES (NULL,NULL);
INSERT INTO t3 VALUES (1,NULL);
INSERT INTO t3 VALUES (NULL,1);
INSERT INTO t6 VALUES (NULL, NULL, NULL, NULL);
INSERT INTO t6 VALUES (1, NULL, NULL, NULL);
INSERT INTO t6 VALUES (NULL, 2, NULL, NULL);
INSERT INTO t6 VALUES (1, 2, 3, NULL);
INSERT INTO t6 VALUES (1, 2, NULL, 4);
SELECT                                          1           +        1;
1           +        1
2
SELECT 1;
1
1
SELECT 1 /* This is an inline comment */ + 1;
1 /* This is an inline comment */ + 1
2
SELECT 1+
/*
this is a
multiple-line comment
*/
1;
1+
/*
this is a
multiple-line comment
*/
1
2
CREATE SCHEMA statements_digest_temp;
DROP SCHEMA statements_digest_temp;
CREATE DATABASE statements_digest_temp;
DROP DATABASE statements_digest_temp;
SELECT 1 FROM no_such_table;
ERROR 42S02: Table 'statements_digest.no_such_table' doesn't exist
CREATE TABLE dup_table (c char(4));
CREATE TABLE dup_table (c char(4));
ERROR 42S01: Table 'dup_table' already exists
DROP TABLE dup_table;
INSERT INTO t11 VALUES("MySQL");
Warnings:
Warning	1265	Data truncated for column 'c' at row 1
PREPARE stmt FROM "SELECT * FROM t12";
EXECUTE stmt;
c
EXECUTE stmt;
c
DEALLOCATE PREPARE stmt;
CREATE PROCEDURE p1() BEGIN SELECT * FROM t12; END//
CALL p1();
c
CALL p1();
c
DROP PROCEDURE p1;
CREATE FUNCTION `func`(a INT, b INT) RETURNS int(11) RETURN a+b //
select func(3,4);
func(3,4)
7
select func(13,42);
func(13,42)
55
DROP FUNCTION func;
CREATE TRIGGER trg BEFORE INSERT ON t12 FOR EACH ROW SET @a:=1;
INSERT INTO t12 VALUES ("abc");
INSERT INTO t12 VALUES ("def");
DROP TRIGGER trg;
####################################
# QUERYING PS STATEMENT DIGEST
####################################
SELECT schema_name, digest, digest_text, count_star FROM performance_schema.events_statements_summary_by_digest;
schema_name	digest	digest_text	count_star
statements_digest	77aaa79dba333cd2fbefbc0bb71cd5e3	TRUNCATE TABLE performance_schema . events_statements_summary_by_digest 	1
statements_digest	685d0ca9273265c97ce1a8818541bb7a	SELECT ? FROM t1 	1
statements_digest	82848d55421bbf7a8295a4ccf15fdee1	SELECT ? FROM `t1` 	1
statements_digest	c53995ca1564f7ca9a938d5750d43b07	SELECT ?, ... FROM t1 	2
statements_digest	10eeef4d2a040056cdd30e218344ca42	SELECT ? FROM t2 	1
statements_digest	0a3a9dcde54e7f4c24b66bbf86c333a3	SELECT ?, ... FROM t2 	2
statements_digest	c17f2ac8c0bdefbe5bb0c5b1a314e95d	INSERT INTO t1 VALUES (?) 	1
statements_digest	910bd8c2308467d92d97dd7a2657927f	INSERT INTO t2 VALUES (?) 	1
statements_digest	acfdfded44686bce846799da0f20ce9d	INSERT INTO t3 VALUES (...) 	4
statements_digest	497029bf09fbc6cde3a0c383d774ef9b	INSERT INTO t4 VALUES (...) 	1
statements_digest	5e7068e48d89cd40f62717b4f5da40bd	INSERT INTO t5 VALUES (...) 	1
statements_digest	7cedcdd2ec1e0be2b87485af462e1072	INSERT INTO t1 VALUES (?) /* , ... */ 	2
statements_digest	e97bdf338e032e02ff79f76bc05cd868	INSERT INTO t3 VALUES (...) /* , ... */ 	1
statements_digest	ea01f3959bcfd95aa50a4f7e3d2288f3	INSERT INTO t5 VALUES (...) /* , ... */ 	1
statements_digest	7d1fcbd5e0be9df7d4478baac7367431	INSERT INTO t1 VALUES ( NULL ) 	1
statements_digest	3f712d234a8117c67ee2fc6f2547aa62	INSERT INTO t6 VALUES (...) 	5
statements_digest	fe627c5b8fabb098a16b8d63713ad26d	SELECT ? + ? 	3
statements_digest	6d9145a08d3cc20617927192e85bb445	SELECT ? 	1
statements_digest	aaac64142bf44e2e0414fd620ffda943	CREATE SCHEMA statements_digest_temp 	2
statements_digest	f9ae95f444ff5946fe346ec19f7fb425	DROP SCHEMA statements_digest_temp 	2
statements_digest	2213d23e3e9b402fd791f878ea636d90	SELECT ? FROM no_such_table 	1
statements_digest	db0e6e0206401f058148eda28a8cf304	CREATE TABLE dup_table ( c CHARACTER (?) ) 	2
statements_digest	50844a9374ae89aa551d603c11dd1816	DROP TABLE dup_table 	1
statements_digest	ccdc6e99957f567d14fa5fc4ee3ff755	INSERT INTO t11 VALUES (?) 	1
statements_digest	c45f22ba9c92b9afe2891736de956475	SHOW WARNINGS 	1
statements_digest	211b1dc034571d4a77e86b09c22bad50	PREPARE stmt FROM ? 	1
statements_digest	07bbe9b2135d1a34fc8c99e0dc043a14	EXECUTE stmt 	2
statements_digest	13d6c9e96fea2fd4f9053dfe9ff3dcc8	DEALLOCATE PREPARE stmt 	1
statements_digest	ee0c5f1e67b0a09e475a225e83285e8e	CREATE PROCEDURE p1 ( ) BEGIN SELECT * FROM t12 ; END 	1
statements_digest	cb3845b95bef7838f53e2ba7088251fb	CALL p1 ( ) 	2
statements_digest	acf0df17c37c2325e5a7d669d6722696	DROP PROCEDURE p1 	1
statements_digest	1261a8adb5d627a62a9febb55ad07da7	CREATE FUNCTION `func` ( a INTEGER , b INTEGER ) RETURNS INTEGER (?) RETURN a + b 	1
statements_digest	8d2f31033c92d66f311bc5738c491a4c	SELECT func (...) 	2
statements_digest	e55897aeccc2fe6f04108a04782429de	DROP FUNCTION func 	1
statements_digest	b1f4965fe14cc0b7aaeb52bc3b74e9a0	CREATE TRIGGER trg BEFORE INSERT ON t12 FOR EACH ROW SET @ ? := ? 	1
statements_digest	267a63dff47f35a970912027e9cb89c1	INSERT INTO t12 VALUES (?) 	2
statements_digest	4c4eab2d2fa811abdd10751e98aa49a4	DROP TRIGGER trg 	1
SELECT digest, digest_text FROM performance_schema.events_statements_current;
digest	digest_text
####################################
# CLEANUP
####################################
DROP TABLE IF EXISTS t1;
DROP TABLE IF EXISTS t2;
DROP TABLE IF EXISTS t3;
DROP TABLE IF EXISTS t4;
DROP TABLE IF EXISTS t5;
DROP TABLE IF EXISTS t6;
DROP TABLE IF EXISTS t11;
DROP TABLE IF EXISTS t12;
DROP DATABASE IF EXISTS statements_digest;
